Designator,Mid X,Mid Y,Rotation,Layer
C1,336.92,-140.0,180.0,top
C10,70.946019,-164.291892,230.0,top
C100,62.4,-127.8,0.0,top
C101,52.58,-130.6,180.0,top
C102,63.8,-126.0,0.0,top
C103,51.255,-132.8,180.0,top
C104,62.68,-138.7375,0.0,top
C105,52.52,-141.9375,180.0,top
C106,64.2,-136.9375,0.0,top
C107,51.125,-143.9375,180.0,top
C108,62.8,-122.2,0.0,top
C109,52.6,-125.8,180.0,top
C11,149.51176,-101.854741,190.0,top
C110,64.275,-120.2,0.0,top
C111,51.2,-124.0,180.0,top
C112,55.433806,-286.216174,200.0,top
C113,61.486851,-281.310034,200.0,top
C114,71.854619,-295.10605,20.0,top
C115,48.454,-235.412,180.0,top
C116,55.82,-232.872,180.0,top
C117,60.844,-249.382,0.0,top
C118,59.259916,-185.283165,160.0,top
C119,67.050423,-185.415666,160.0,top
C12,255.476327,-107.570005,150.0,top
C120,66.124686,-202.648301,340.0,top
C121,86.563168,-141.874798,140.0,top
C122,93.838532,-144.663818,140.0,top
C123,87.074716,-160.540577,320.0,top
C124,127.066556,-110.422761,120.0,top
C125,132.94926,-115.531904,120.0,top
C126,121.163181,-128.137815,300.0,top
C127,227.128995,-96.662758,80.0,top
C128,228.351314,-104.357918,80.0,top
C129,211.21973,-106.438661,260.0,top
C13,327.329229,-177.018909,110.0,top
C130,274.618655,-116.01452,60.0,top
C131,273.135359,-123.663663,60.0,top
C132,256.32528,-119.759574,240.0,top
C133,312.625459,-150.44187,40.0,top
C134,308.615456,-157.122397,40.0,top
C135,294.154425,-147.704368,220.0,top
C136,336.565074,-195.792234,20.0,top
C137,330.512029,-200.698374,20.0,top
C138,320.144261,-186.902358,200.0,top
C139,343.549928,-246.595518,0.0,top
C14,338.437052,-276.47017,340.0,top
C140,336.183928,-249.135518,0.0,top
C141,331.159928,-232.625518,180.0,top
C142,309.358278,-132.921632,220.0,top
C143,311.644031,-135.645687,220.0,top
C144,313.929784,-138.369741,220.0,top
C145,316.215536,-141.093795,220.0,top
C146,175.88462,-94.720761,100.0,top
C147,179.665125,-101.533788,100.0,top
C148,164.278357,-109.348394,280.0,top
C149,332.737513,-296.7239,340.0,top
C15,249.830238,-104.527318,150.0,top
C150,324.947006,-296.591399,340.0,top
C151,325.872743,-279.358764,160.0,top
C152,190.3,-103.6,280.0,top
C153,186.72221,-106.451042,280.0,top
C154,171.611028,-107.052205,190.0,top
C155,158.95654,-111.346879,280.0,top
C156,153.958579,-112.256586,280.0,top
C157,317.2,-304.2,160.0,top
C158,317.159997,-300.244387,160.0,top
C159,324.194966,-286.857138,70.0,top
C16,324.959875,-171.058839,110.0,top
C160,326.802913,-273.750693,160.0,top
C161,328.514064,-268.967478,160.0,top
C17,339.745735,-270.317343,70.0,top
C18,69.876442,-148.1347,320.0,top
C19,72.162195,-145.410646,320.0,top
C2,49.2,-106.6,90.0,top
C20,74.447948,-142.686592,320.0,top
C21,76.733701,-139.962538,320.0,top
C22,109.24515,-110.597948,300.0,top
C23,112.324736,-108.819948,300.0,top
C24,115.404323,-107.041948,300.0,top
C25,118.483909,-105.263949,300.0,top
C26,159.078059,-88.790103,280.0,top
C27,162.580035,-88.17261,280.0,top
C28,166.082012,-87.555118,280.0,top
C29,169.583988,-86.937625,280.0,top
C3,50.6,-112.6,90.0,top
C30,213.364397,-85.34158,260.0,top
C31,216.866374,-85.959073,260.0,top
C32,220.36835,-86.576566,260.0,top
C33,223.870327,-87.194059,260.0,top
C34,265.556235,-100.668323,240.0,top
C35,268.635821,-102.446323,240.0,top
C36,271.715408,-104.224323,240.0,top
C37,274.794994,-106.002324,240.0,top
C38,237.791264,-100.553431,240.0,top
C39,318.291852,-160.276163,200.0,top
C4,44.8,-112.68,90.0,top
C40,341.568704,-257.77121,160.0,top
C41,53.478,-275.036,0.0,top
C42,64.941959,-175.457908,320.0,top
C43,137.735007,-106.54907,280.0,top
C44,65.103951,-273.50629,20.0,top
C45,68.32001,-288.283508,290.0,top
C46,74.746867,-299.999984,20.0,top
C47,76.510641,-304.764046,20.0,top
C48,62.2,-269.8,20.0,top
C49,60.6,-222.4,0.0,top
C5,46.0,-106.52,90.0,top
C50,61.888,-226.776,0.0,top
C51,59.856,-241.762,270.0,top
C52,61.888,-254.97,0.0,top
C53,61.916,-260.05,0.0,top
C54,75.0,-177.0,340.0,top
C55,74.837432,-181.762678,340.0,top
C56,67.802463,-195.149927,250.0,top
C57,65.194516,-208.256372,340.0,top
C58,63.483365,-213.039587,340.0,top
C59,104.1,-139.8,320.0,top
C6,50.712,-256.212,270.0,top
C60,102.405323,-143.894447,320.0,top
C61,91.215906,-154.068244,230.0,top
C62,84.282569,-165.492304,320.0,top
C63,81.038658,-169.401807,320.0,top
C64,144.1,-114.6,300.0,top
C65,141.262551,-117.738946,300.0,top
C66,127.268295,-123.472182,210.0,top
C67,116.845831,-131.835946,300.0,top
C68,112.460422,-134.400195,300.0,top
C69,237.5,-110.7,260.0,top
C7,74.922914,-159.259937,230.0,top
C70,233.301005,-111.392291,260.0,top
C71,218.895529,-106.78887,170.0,top
C72,205.535335,-106.496454,260.0,top
C73,200.52765,-105.641896,260.0,top
C74,279.6,-132.9,240.0,top
C75,275.38065,-131.966705,240.0,top
C76,263.418394,-122.713941,150.0,top
C77,250.96393,-117.869705,240.0,top
C78,246.550521,-115.353954,240.0,top
C79,311.4,-167.8,220.0,top
C8,155.792717,-100.556339,190.0,top
C80,307.885532,-165.692639,220.0,top
C81,299.809319,-152.906552,130.0,top
C82,289.762778,-144.094782,220.0,top
C83,286.475968,-140.221274,220.0,top
C84,329.4,-211.6,200.0,top
C85,326.894929,-208.502118,200.0,top
C86,323.67887,-193.7249,110.0,top
C87,317.252013,-182.008424,200.0,top
C88,315.488239,-177.244362,200.0,top
C89,331.5,-259.1,180.0,top
C9,52.2,-262.8,0.0,top
C90,330.115928,-255.231518,180.0,top
C91,332.147928,-240.245518,90.0,top
C92,330.115928,-227.037518,180.0,top
C93,330.087928,-221.957518,180.0,top
C94,64.2,-115.6,0.0,top
C95,62.8,-117.4,0.0,top
C96,50.23,-201.37,180.0,top
C97,52.6,-118.0,180.0,top
C98,50.235,-203.52,180.0,top
C99,52.6,-122.0,180.0,top
D1,327.85,-102.4625,0.0,top
D2,330.45,-106.6625,0.0,top
D3,57.2,-145.1375,0.0,top
D4,57.18,-134.5375,0.0,top
F1,59.2,-265.4,20.0,top
F10,334.4,-263.6,180.0,top
F11,194.3,-102.6,280.0,top
F12,316.2,-307.4,160.0,top
F2,59.4,-218.8,0.0,top
F3,75.48443,-172.521172,340.0,top
F4,106.227538,-135.100097,320.0,top
F5,147.9,-110.687564,300.0,top
F6,242.156893,-110.878731,260.0,top
F7,285.9,-133.4,240.0,top
F8,316.2,-170.4,220.0,top
F9,334.1,-214.5,200.0,top
J1,347.645,-137.155,90.0,top
J10,65.55,-256.4,90.0,top
J11,78.68080267190561,-181.91007751359243,70.0,top
J12,68.14658167190561,-210.85261051359242,70.0,top
J13,105.96649594279239,-145.3474667710444,50.0,top
J14,86.16863794279239,-168.94163577104442,50.0,top
J15,144.11199694877504,-120.322331,30.0,top
J16,117.43841494877505,-135.722331,30.0,top
J17,233.823239614698,-115.202867257452,350.0,top
J18,203.491160614698,-109.854503257452,350.0,top
J19,274.56809594877507,-135.72609,330.0,top
J2,34.8,-112.0,270.0,top
J20,247.89451394877506,-120.32609,330.0,top
J21,305.83619494279236,-168.9473952289556,310.0,top
J22,286.03833694279234,-145.3532262289556,310.0,top
J23,323.8559906719056,-210.85967448640758,290.0,top
J24,313.3217696719056,-181.9171414864076,290.0,top
J25,326.453928,-256.407518,270.0,top
J26,326.453928,-225.607518,270.0,top
J27,351.307,-156.0,270.0,top
J28,351.307,-196.0,270.0,top
J29,41.19075,-199.0,270.0,top
J3,355.0,-116.27,90.0,top
J30,41.19075,-181.0,270.0,top
J31,41.19075,-163.0,270.0,top
J32,188.51624344104982,-109.85319675774026,10.0,top
J33,158.1841644410498,-115.20156075774025,10.0,top
J34,313.3166263280944,-300.09698748640756,250.0,top
J35,323.8508473280944,-271.1544544864076,250.0,top
J4,76.2,-121.87,270.0,top
J5,41.19075,-127.0,270.0,top
J6,41.19075,-145.0,270.0,top
J7,68.1428893280944,-271.14873351359245,110.0,top
J8,78.67710998607426,-300.0912655738998,110.0,top
J9,65.55,-225.6,90.0,top
R1,355.722,-77.89,270.0,top
R10,330.2,-77.89,270.0,top
R100,321.698343,-174.173166,200.0,top
R101,336.973928,-221.195518,180.0,top
R102,335.245406,-270.606583,160.0,top
R103,70.300537,-307.835242,20.0,top
R104,55.03,-260.812,0.0,top
R105,56.752023,-211.400482,340.0,top
R106,75.273871,-165.559298,320.0,top
R107,108.357511,-128.817744,300.0,top
R108,152.012414,-105.60752,280.0,top
R109,69.81616,-284.225039,110.0,top
R11,327.8,-77.89,270.0,top
R110,64.667706,-272.313564,20.0,top
R111,65.536437,-274.700384,20.0,top
R112,73.44377,-296.419755,20.0,top
R113,74.310622,-298.807258,20.0,top
R114,75.179353,-301.194077,20.0,top
R115,76.048084,-303.580897,20.0,top
R116,76.916816,-305.967716,20.0,top
R117,62.65,-238.46,90.0,top
R118,61.886,-225.506,0.0,top
R119,61.886,-228.046,0.0,top
R12,320.162,-77.89,270.0,top
R120,61.888,-251.16,0.0,top
R121,61.886,-253.7,0.0,top
R122,61.886,-256.24,0.0,top
R123,61.886,-258.78,0.0,top
R124,61.886,-261.32,0.0,top
R125,71.557315,-193.002666,70.0,top
R126,75.269918,-180.568585,340.0,top
R127,74.401187,-182.955404,340.0,top
R128,66.497613,-204.676143,340.0,top
R129,65.627002,-207.062278,340.0,top
R13,317.622,-77.89,270.0,top
R130,64.758271,-209.449098,340.0,top
R131,63.88954,-211.835917,340.0,top
R132,63.020809,-214.222736,340.0,top
R133,95.478719,-153.334714,50.0,top
R134,103.220131,-142.920285,320.0,top
R135,101.587451,-144.866037,320.0,top
R136,86.73159,-162.573674,320.0,top
R137,85.097378,-164.518142,320.0,top
R138,83.464697,-166.463895,320.0,top
R139,81.832016,-168.409647,320.0,top
R14,315.0,-77.91,270.0,top
R140,80.199336,-170.3554,320.0,top
R141,131.524911,-124.240857,30.0,top
R142,142.361404,-117.102214,300.0,top
R143,140.161699,-118.372214,300.0,top
R144,120.145388,-129.930946,300.0,top
R145,117.944683,-131.199214,300.0,top
R146,115.744979,-132.469214,300.0,top
R147,113.545274,-133.739214,300.0,top
R148,111.34557,-135.009214,300.0,top
R149,221.662191,-110.113809,350.0,top
R15,312.6,-77.89,270.0,top
R150,234.552058,-111.610854,260.0,top
R151,232.050647,-111.169788,260.0,top
R152,209.287453,-107.158054,260.0,top
R153,206.786388,-106.715018,260.0,top
R154,204.284977,-106.273951,260.0,top
R155,201.783565,-105.832885,260.0,top
R156,199.282153,-105.391818,260.0,top
R157,264.88101,-126.784616,330.0,top
R158,276.481503,-132.599973,240.0,top
R159,274.281798,-131.329973,240.0,top
R16,310.0,-77.89,270.0,top
R160,254.263487,-119.774705,240.0,top
R161,252.064782,-118.502973,240.0,top
R162,249.865078,-117.232973,240.0,top
R163,247.665373,-115.962973,240.0,top
R164,245.465669,-114.692973,240.0,top
R165,299.791475,-157.23198,310.0,top
R166,308.703404,-166.66423,220.0,top
R167,307.070724,-164.718477,220.0,top
R168,292.211799,-147.013411,220.0,top
R169,290.58065,-145.066373,220.0,top
R17,307.462,-77.89,270.0,top
R170,288.94797,-143.12062,220.0,top
R171,287.315289,-141.174867,220.0,top
R172,285.682609,-139.229114,220.0,top
R173,322.18272,-197.783369,290.0,top
R174,327.331174,-209.694844,200.0,top
R175,326.462443,-207.308024,200.0,top
R176,318.55511,-185.588653,200.0,top
R177,317.688258,-183.20115,200.0,top
R178,316.819527,-180.814331,200.0,top
R179,315.950796,-178.427511,200.0,top
R18,304.922,-77.89,270.0,top
R180,315.082064,-176.040692,200.0,top
R181,329.353928,-243.547518,270.0,top
R182,330.117928,-256.501518,180.0,top
R183,330.117928,-253.961518,180.0,top
R184,330.115928,-230.847518,180.0,top
R185,330.117928,-228.307518,180.0,top
R186,330.117928,-225.767518,180.0,top
R187,330.117928,-223.227518,180.0,top
R188,330.117928,-220.687518,180.0,top
R189,62.6,-142.1375,180.0,top
R19,302.4,-77.89,270.0,top
R190,62.58,-131.4,180.0,top
R191,60.6,-144.3375,180.0,top
R192,60.69,-133.4,180.0,top
R193,52.4,-140.7375,0.0,top
R194,52.6,-129.2,0.0,top
R195,48.57,-180.95,180.0,top
R196,48.05,-162.99,180.0,top
R197,54.71251,-284.316295,20.0,top
R198,61.223611,-287.352471,110.0,top
R199,61.979899,-282.752387,20.0,top
R2,350.642,-77.89,270.0,top
R20,299.842,-77.89,270.0,top
R200,48.426,-233.38,0.0,top
R201,53.506,-238.46,90.0,top
R202,55.79,-234.396,0.0,top
R203,59.928589,-183.364133,340.0,top
R204,62.964765,-189.875234,70.0,top
R205,66.500993,-186.837497,340.0,top
R206,87.847864,-140.300197,320.0,top
R207,88.474008,-147.457064,50.0,top
R208,92.835943,-145.811986,320.0,top
R209,128.81232,-109.382512,300.0,top
R21,350.642,-98.81,90.0,top
R210,126.952911,-116.321921,30.0,top
R211,131.614438,-116.267923,300.0,top
R212,229.134986,-96.988036,260.0,top
R213,223.25003,-101.108727,350.0,top
R214,226.855677,-104.063734,260.0,top
R215,276.392419,-117.006271,240.0,top
R216,269.45301,-118.86568,330.0,top
R217,271.830537,-122.875682,240.0,top
R218,313.953053,-151.980475,220.0,top
R219,306.796186,-151.35433,310.0,top
R22,348.102,-98.81,90.0,top
R220,307.658829,-155.935661,220.0,top
R221,337.28637,-197.692113,200.0,top
R222,330.775269,-194.655937,290.0,top
R223,330.018981,-199.256021,200.0,top
R224,343.577928,-248.627518,180.0,top
R225,338.497928,-243.547518,270.0,top
R226,336.213928,-247.611518,180.0,top
R227,310.01135,-133.699934,220.0,top
R228,308.705206,-132.143331,220.0,top
R229,312.297103,-136.423987,220.0,top
R23,345.562,-98.81,90.0,top
R230,310.990959,-134.867386,220.0,top
R231,314.582856,-139.148042,220.0,top
R232,313.276711,-137.59144,220.0,top
R233,316.868608,-141.872096,220.0,top
R234,315.562464,-140.315493,220.0,top
R235,177.880888,-94.340333,280.0,top
R236,173.760197,-100.225289,10.0,top
R237,178.159068,-101.768884,280.0,top
R238,332.06884,-298.642932,160.0,top
R239,329.032664,-292.131831,250.0,top
R24,325.2,-98.89,90.0,top
R240,325.496436,-295.169568,160.0,top
R241,175.348036,-109.230371,10.0,top
R242,187.972568,-106.22854,280.0,top
R243,185.471157,-106.669606,280.0,top
R244,162.708658,-110.685279,280.0,top
R245,160.206899,-111.124376,280.0,top
R246,157.705487,-111.565443,280.0,top
R247,155.204075,-112.006509,280.0,top
R248,152.702664,-112.447575,280.0,top
R249,320.440114,-289.004399,250.0,top
R25,320.2,-99.0,90.0,top
R250,316.727511,-301.43848,160.0,top
R251,317.596242,-299.051661,160.0,top
R252,325.499816,-277.330922,160.0,top
R253,326.370427,-274.944787,160.0,top
R254,327.239158,-272.557967,160.0,top
R255,328.107889,-270.171148,160.0,top
R256,328.97662,-267.784329,160.0,top
R26,317.622,-99.0,90.0,top
R27,315.082,-99.0,90.0,top
R28,312.4,-99.0,90.0,top
R29,299.842,-98.81,90.0,top
R3,348.102,-77.89,270.0,top
R30,82.4,-131.6,270.0,top
R31,338.0,-100.67,90.0,top
R32,340.6,-100.73,90.0,top
R33,58.312047,-274.897136,20.0,top
R34,55.03,-225.76,0.0,top
R35,68.740513,-178.462377,340.0,top
R36,97.804863,-138.707908,320.0,top
R37,138.713433,-111.291744,300.0,top
R38,186.531895,-99.520804,280.0,top
R39,59.007032,-276.806592,20.0,top
R4,345.6,-77.89,270.0,top
R40,55.03,-227.792,0.0,top
R41,68.045528,-180.371832,340.0,top
R42,96.498718,-140.26451,320.0,top
R43,136.95367,-112.307744,300.0,top
R44,184.530766,-99.873657,280.0,top
R45,235.492449,-104.814906,260.0,top
R46,279.689532,-126.535503,240.0,top
R47,313.792137,-162.062703,220.0,top
R48,333.686833,-207.111272,200.0,top
R49,336.973928,-256.247518,180.0,top
R5,343.022,-77.89,270.0,top
R50,323.256916,-303.544688,160.0,top
R51,233.49132,-104.462053,260.0,top
R52,277.929769,-125.519503,240.0,top
R53,312.485992,-160.5061,220.0,top
R54,332.991848,-205.201816,200.0,top
R55,336.973928,-254.215518,180.0,top
R56,323.951901,-301.635233,160.0,top
R57,70.529515,-147.356399,320.0,top
R58,69.22337,-148.913001,320.0,top
R59,72.815267,-144.632345,320.0,top
R6,340.482,-77.89,270.0,top
R60,71.509123,-146.188947,320.0,top
R61,75.10102,-141.908291,320.0,top
R62,73.794876,-143.464893,320.0,top
R63,77.386773,-139.184237,320.0,top
R64,76.080628,-140.740839,320.0,top
R65,110.125032,-110.089949,300.0,top
R66,108.365268,-111.105948,300.0,top
R67,113.204618,-108.311948,300.0,top
R68,111.444855,-109.327948,300.0,top
R69,116.284204,-106.533948,300.0,top
R7,337.942,-77.89,270.0,top
R70,114.524441,-107.549948,300.0,top
R71,119.363791,-104.755949,300.0,top
R72,117.604027,-105.771948,300.0,top
R73,160.078624,-88.613677,280.0,top
R74,158.077494,-88.96653,280.0,top
R75,163.5806,-87.996184,280.0,top
R76,161.579471,-88.349037,280.0,top
R77,167.082576,-87.378691,280.0,top
R78,165.081447,-87.731544,280.0,top
R79,170.584553,-86.761198,280.0,top
R8,335.4,-77.89,270.0,top
R80,168.583423,-87.114051,280.0,top
R81,214.364962,-85.518007,260.0,top
R82,212.363833,-85.165153,260.0,top
R83,217.866938,-86.1355,260.0,top
R84,215.865809,-85.782647,260.0,top
R85,221.368915,-86.752993,260.0,top
R86,219.367786,-86.40014,260.0,top
R87,224.870891,-87.370486,260.0,top
R88,222.869762,-87.017632,260.0,top
R89,266.436117,-101.176324,240.0,top
R9,332.862,-77.89,270.0,top
R90,264.676353,-100.160323,240.0,top
R91,269.515703,-102.954323,240.0,top
R92,267.75594,-101.938323,240.0,top
R93,272.595289,-104.732323,240.0,top
R94,270.835526,-103.716324,240.0,top
R95,275.674876,-106.510323,240.0,top
R96,273.915112,-105.494323,240.0,top
R97,200.972968,-98.72819,260.0,top
R98,247.054,-109.682,240.0,top
R99,291.261145,-135.211313,220.0,top
SW1,352.46,-174.0,90.0,top
U10,258.239472,-109.089097,330.0,top
U100,129.828345,-113.04232,300.0,top
U101,120.201886,-121.392803,120.0,top
U102,134.33407,-118.946464,300.0,top
U103,227.560828,-100.444701,260.0,top
U104,214.818945,-100.653772,80.0,top
U105,227.217303,-107.863761,260.0,top
U106,273.730944,-119.716079,240.0,top
U107,261.685985,-115.554562,60.0,top
U108,270.870669,-126.570223,240.0,top
U109,310.525276,-153.616584,220.0,top
U11,328.469467,-179.958717,290.0,top
U110,300.630039,-145.586418,40.0,top
U111,305.493241,-159.0791,220.0,top
U112,333.505731,-198.057184,200.0,top
U113,326.953729,-187.126926,20.0,top
U114,326.908874,-201.469212,200.0,top
U115,339.900428,-247.677518,180.0,top
U116,337.481928,-235.165518,0.0,top
U117,332.534428,-248.627518,180.0,top
U118,312.082333,-130.63588,40.0,top
U119,314.368085,-133.359934,40.0,top
U12,336.967508,-278.882966,250.0,top
U120,316.653838,-136.083988,40.0,top
U121,318.939591,-138.808042,40.0,top
U122,177.583911,-98.126929,280.0,top
U123,165.681965,-102.681373,100.0,top
U124,179.798571,-105.216057,280.0,top
U125,328.938039,-296.492445,160.0,top
U126,330.944749,-283.907835,340.0,top
U127,321.691344,-294.865832,160.0,top
U128,174.732376,-106.501827,10.0,top
U129,186.062728,-103.091014,100.0,top
U13,252.57588,-106.188726,330.0,top
U130,158.427053,-107.963929,100.0,top
U131,153.422319,-108.835229,100.0,top
U132,323.110933,-289.835494,250.0,top
U133,320.399608,-301.353273,340.0,top
U134,329.997377,-274.983619,340.0,top
U135,331.745176,-270.213742,340.0,top
U14,325.995227,-174.096416,290.0,top
U15,338.586344,-273.309773,250.0,top
U16,67.152388,-145.848947,140.0,top
U17,69.438141,-143.124893,140.0,top
U18,71.723894,-140.400839,140.0,top
U19,74.009647,-137.676785,140.0,top
U2,47.6625,-109.55,180.0,top
U20,107.46715,-107.518362,120.0,top
U21,110.546736,-105.740362,120.0,top
U22,113.626323,-103.962362,120.0,top
U23,116.705909,-102.184362,120.0,top
U24,158.460566,-85.288127,100.0,top
U25,161.962543,-84.670634,100.0,top
U26,165.464519,-84.053141,100.0,top
U27,168.966496,-83.435648,100.0,top
U28,213.981891,-81.839603,80.0,top
U29,217.483867,-82.457097,80.0,top
U3,47.6625,-114.2,180.0,top
U30,220.985843,-83.07459,80.0,top
U31,224.48782,-83.692083,80.0,top
U32,267.334235,-97.588736,60.0,top
U33,270.413822,-99.366737,60.0,top
U34,273.493408,-101.144737,60.0,top
U35,276.572994,-102.922737,60.0,top
U36,235.749811,-98.744331,150.0,top
U37,317.890875,-157.578091,110.0,top
U38,342.995825,-255.446625,70.0,top
U39,52.932,-277.7085,270.0,top
U4,50.646,-253.0595,90.0,top
U40,62.805849,-177.154199,230.0,top
U41,135.008296,-106.47544,190.0,top
U42,67.235977,-285.305153,110.0,top
U43,61.909487,-274.739216,200.0,top
U44,71.507256,-301.10887,200.0,top
U45,73.234382,-305.886271,200.0,top
U46,59.856,-238.5925,90.0,top
U47,58.4645,-226.842,180.0,top
U48,58.4645,-254.904,180.0,top
U49,58.4535,-259.984,180.0,top
U5,76.898743,-156.802557,50.0,top
U50,68.886496,-192.171571,70.0,top
U51,71.597821,-180.653792,160.0,top
U52,62.000052,-207.023446,160.0,top
U53,60.252253,-211.793323,160.0,top
U54,93.253221,-151.640266,50.0,top
U55,99.740346,-141.744422,140.0,top
U56,81.70244,-163.241161,140.0,top
U57,78.428653,-167.125596,140.0,top
U58,130.013162,-121.887432,30.0,top
U59,139.493644,-114.807108,120.0,top
U6,158.885862,-99.943915,10.0,top
U60,115.191239,-128.838108,120.0,top
U61,110.78633,-131.368582,120.0,top
U62,222.016877,-107.339248,350.0,top
U63,233.830492,-108.009341,80.0,top
U64,206.194817,-103.136425,80.0,top
U65,201.193904,-102.24346,80.0,top
U66,266.163261,-124.298691,330.0,top
U67,277.035243,-128.968867,60.0,top
U68,252.732838,-114.937867,60.0,top
U69,248.338929,-112.388341,60.0,top
U7,50.966,-259.4145,90.0,top
U70,301.846634,-155.33453,310.0,top
U71,310.465661,-163.441497,40.0,top
U72,292.427755,-141.944757,40.0,top
U73,289.17082,-138.046181,40.0,top
U74,324.762903,-196.703255,290.0,top
U75,330.089393,-207.269192,20.0,top
U76,320.491624,-180.899538,20.0,top
U77,318.764498,-176.122137,20.0,top
U78,332.147928,-243.415018,270.0,top
U79,333.539428,-255.165518,0.0,top
U8,73.058962,-161.876462,50.0,top
U80,333.539428,-227.103518,0.0,top
U81,333.550428,-222.023518,0.0,top
U83,57.475,-123.305,270.0,top
U84,57.505,-116.075,90.0,top
U85,49.83,-197.9125,0.0,top
U86,57.525,-140.0425,270.0,top
U87,57.505,-129.505,270.0,top
U88,58.493149,-283.951224,20.0,top
U89,65.045151,-294.881482,200.0,top
U9,152.682977,-101.362588,10.0,top
U90,65.090006,-280.539196,20.0,top
U91,52.1035,-234.33,0.0,top
U92,54.522,-246.842,180.0,top
U93,59.4695,-233.38,0.0,top
U94,63.05939,-185.51462,340.0,top
U95,61.05268,-198.09923,160.0,top
U96,70.306085,-187.141233,340.0,top
U97,90.054344,-143.391791,320.0,top
U98,83.864464,-154.531121,140.0,top
U99,96.307675,-147.398822,320.0,top
